{"train_epochs_loss": [0.020736782545489923, 0.014190274556832654, 0.010896553019327777, 0.010349251329898834, 0.010211190541407891, 0.009942234959453344, 0.009849008505365677, 0.009745674673467875, 0.009707461244293622, 0.00969873322173953, 0.009663678173507963], "test_epochs_loss": [0.019706143997609615, 0.013943392783403397, 0.011488102842122316, 0.010600031819194555, 0.01068289065733552, 0.01069566560909152, 0.010687954723834991, 0.010780748445540667, 0.011088190600275993, 0.011229891330003738, 0.010838698595762253]}