{"train_epochs_loss": [0.014204922309588818], "test_epochs_loss": [0.00775566091760993]}